-- Insert 10 Users
INSERT INTO Users (Id, UserName, Email, PasswordHash, FullName, Role, Permissions, IsActive, CreatedAt)
VALUES 
('11111111-1111-1111-1111-111111111111', 'admin', 'admin@renovo.com.br', '$2a$11$DE/XOjuMgCwZHSgyv9STWOwUNW9nI/Rds4nAwA2gWmfB1zZ8bKgq2', 'Administrador Master', 'Administrador', 'dashboard.view,customers.read,customers.write,vehicles.read,vehicles.write,orders.read,orders.write,inventory.read,inventory.write,users.manage', 1, '2026-01-01 00:00:00'),
('22222222-2222-2222-2222-222222222222', 'joao.silva', 'joao.gerente@renovo.com.br', '$2a$11$DE/XOjuMgCwZHSgyv9STWOwUNW9nI/Rds4nAwA2gWmfB1zZ8bKgq2', 'João Silva', 'Gerente', 'dashboard.view,customers.read,customers.write,vehicles.read,vehicles.write,orders.read,orders.write,inventory.read,inventory.write', 1, '2026-01-02 00:00:00'),
('33333333-3333-3333-3333-333333333333', 'maria.santos', 'maria.recepcao@renovo.com.br', '$2a$11$DE/XOjuMgCwZHSgyv9STWOwUNW9nI/Rds4nAwA2gWmfB1zZ8bKgq2', 'Maria Santos', 'Recepção', 'dashboard.view,customers.read,customers.write,vehicles.read,vehicles.write,orders.read,orders.write', 1, '2026-01-03 00:00:00'),
('44444444-4444-4444-4444-444444444444', 'pedro.oliveira', 'pedro.mecanico@renovo.com.br', '$2a$11$DE/XOjuMgCwZHSgyv9STWOwUNW9nI/Rds4nAwA2gWmfB1zZ8bKgq2', 'Pedro Oliveira', 'Mecânico', 'dashboard.view,vehicles.read,orders.read,orders.write', 1, '2026-01-04 00:00:00'),
('55555555-5555-5555-5555-555555555555', 'carlos.ferreira', 'carlos.mecanico@renovo.com.br', '$2a$11$DE/XOjuMgCwZHSgyv9STWOwUNW9nI/Rds4nAwA2gWmfB1zZ8bKgq2', 'Carlos Ferreira', 'Mecânico', 'dashboard.view,vehicles.read,orders.read,orders.write', 1, '2026-01-05 00:00:00'),
('66666666-6666-6666-6666-666666666666', 'ana.costa', 'ana.almoxarifado@renovo.com.br', '$2a$11$DE/XOjuMgCwZHSgyv9STWOwUNW9nI/Rds4nAwA2gWmfB1zZ8bKgq2', 'Ana Costa', 'Almoxarifado', 'inventory.read,inventory.write,orders.read', 1, '2026-01-06 00:00:00'),
('77777777-7777-7777-7777-777777777777', 'lucas.pereira', 'lucas.recepcao@renovo.com.br', '$2a$11$DE/XOjuMgCwZHSgyv9STWOwUNW9nI/Rds4nAwA2gWmfB1zZ8bKgq2', 'Lucas Pereira', 'Recepção', 'dashboard.view,customers.read,customers.write,vehicles.read,vehicles.write,orders.read,orders.write', 1, '2026-01-07 00:00:00'),
('88888888-8888-8888-8888-888888888888', 'juliana.lima', 'juliana.mecanico@renovo.com.br', '$2a$11$DE/XOjuMgCwZHSgyv9STWOwUNW9nI/Rds4nAwA2gWmfB1zZ8bKgq2', 'Juliana Lima', 'Mecânico', 'dashboard.view,vehicles.read,orders.read,orders.write', 1, '2026-01-08 00:00:00'),
('99999999-9999-9999-9999-999999999999', 'fernanda.souza', 'fernanda.gerente@renovo.com.br', '$2a$11$DE/XOjuMgCwZHSgyv9STWOwUNW9nI/Rds4nAwA2gWmfB1zZ8bKgq2', 'Fernanda Souza', 'Gerente', 'dashboard.view,customers.read,customers.write,vehicles.read,vehicles.write,orders.read,orders.write,inventory.read,inventory.write', 1, '2026-01-09 00:00:00'),
('aaaaaaaa-aaaa-aaaa-aaaa-aaaaaaaaaaaa', 'roberto.almeida', 'roberto.almoxarifado@renovo.com.br', '$2a$11$DE/XOjuMgCwZHSgyv9STWOwUNW9nI/Rds4nAwA2gWmfB1zZ8bKgq2', 'Roberto Almeida', 'Almoxarifado', 'inventory.read,inventory.write,orders.read', 1, '2026-01-10 00:00:00');

-- Insert 10 Customers
INSERT INTO Customers (Id, Name, Document, Phone, WhatsApp, Email, Address, Notes, CreatedAt)
VALUES 
('10000001-0000-0000-0000-000000000001', 'Carlos Eduardo Mendes', '12345678901', '(11) 98765-4321', '(11) 98765-4321', 'carlos.mendes@email.com', 'Rua das Flores, 123, São Paulo, SP', 'Cliente preferencial', '2026-02-01 00:00:00'),
('10000002-0000-0000-0000-000000000002', 'Ana Paula Rodrigues', '23456789012', '(11) 97654-3210', '(11) 97654-3210', 'ana.rodrigues@email.com', 'Av. Paulista, 456, São Paulo, SP', 'Cliente desde 2024', '2026-02-02 00:00:00'),
('10000003-0000-0000-0000-000000000003', 'José Carlos Almeida', '34567890123', '(11) 96543-2109', '(11) 96543-2109', 'jose.almeida@email.com', 'Rua Augusta, 789, São Paulo, SP', 'Empresário', '2026-02-03 00:00:00'),
('10000004-0000-0000-0000-000000000004', 'Mariana Costa Silva', '45678901234', '(11) 95432-1098', '(11) 95432-1098', 'mariana.silva@email.com', 'Alameda Santos, 321, São Paulo, SP', 'Cliente VIP', '2026-02-04 00:00:00'),
('10000005-0000-0000-0000-000000000005', 'Roberto Fernandes Lima', '56789012345', '(11) 94321-0987', '(11) 94321-0987', 'roberto.lima@email.com', 'Rua Oscar Freire, 654, São Paulo, SP', 'Prefere atendimento pela manhã', '2026-02-05 00:00:00'),
('10000006-0000-0000-0000-000000000006', 'Patricia Oliveira Souza', '67890123456', '(11) 93210-9876', '(11) 93210-9876', 'patricia.souza@email.com', 'Av. Brigadeiro Faria Lima, 987, São Paulo, SP', 'Cliente nova', '2026-02-06 00:00:00'),
('10000007-0000-0000-0000-000000000007', 'Fernando Costa Pereira', '78901234567', '(11) 92109-8765', '(11) 92109-8765', 'fernando.pereira@email.com', 'Rua Haddock Lobo, 147, São Paulo, SP', 'Frota de veículos', '2026-02-07 00:00:00'),
('10000008-0000-0000-0000-000000000008', 'Camila Rodrigues Santos', '89012345678', '(11) 91098-7654', '(11) 91098-7654', 'camila.santos@email.com', 'Av. Rebouças, 258, São Paulo, SP', 'Cliente fiel', '2026-02-08 00:00:00'),
('10000009-0000-0000-0000-000000000009', 'Ricardo Almeida Costa', '90123456789', '(11) 90987-6543', '(11) 90987-6543', 'ricardo.costa@email.com', 'Rua Pamplona, 369, São Paulo, SP', 'Empresa', '2026-02-09 00:00:00'),
('10000010-0000-0000-0000-000000000010', 'Juliana Ferreira Lima', '01234567890', '(11) 89876-5432', '(11) 89876-5432', 'juliana.lima@email.com', 'Av. Moema, 741, São Paulo, SP', 'Cliente desde 2023', '2026-02-10 00:00:00');

-- Insert 10 Vehicles
INSERT INTO Vehicles (Id, Plate, Brand, Model, Year, Color, Engine, Fuel, Mileage, Chassis, Renavam, Photos, CreatedAt, CustomerId)
VALUES 
('20000001-0000-0000-0000-000000000001', 'ABC1234', 'Toyota', 'Corolla', 2022, 'Prata', '2.0 Flex', 'Flex', 45000, '9BR12345678901234', '01234567890', NULL, '2026-03-01 00:00:00', '10000001-0000-0000-0000-000000000001'),
('20000002-0000-0000-0000-000000000002', 'DEF5678', 'Honda', 'Civic', 2023, 'Preto', '1.5 Turbo', 'Flex', 28000, '9BR23456789012345', '12345678901', NULL, '2026-03-02 00:00:00', '10000002-0000-0000-0000-000000000002'),
('20000003-0000-0000-0000-000000000003', 'GHI9012', 'Volkswagen', 'Golf', 2021, 'Branco', '1.4 TSI', 'Flex', 35000, '9BW12345678901234', '23456789012', NULL, '2026-03-03 00:00:00', '10000003-0000-0000-0000-000000000003'),
('20000004-0000-0000-0000-000000000004', 'JKL3456', 'Hyundai', 'HB20', 2023, 'Vermelho', '1.0 Turbo', 'Flex', 15000, '9BH12345678901234', '34567890123', NULL, '2026-03-04 00:00:00', '10000004-0000-0000-0000-000000000004'),
('20000005-0000-0000-0000-000000000005', 'MNO7890', 'Fiat', 'Argo', 2022, 'Azul', '1.3 Firefly', 'Flex', 22000, '9BD12345678901234', '45678901234', NULL, '2026-03-05 00:00:00', '10000005-0000-0000-0000-000000000005'),
('20000006-0000-0000-0000-000000000006', 'PQR1234', 'Chevrolet', 'Onix', 2023, 'Cinza', '1.0 Turbo', 'Flex', 12000, '9BG12345678901234', '56789012345', NULL, '2026-03-06 00:00:00', '10000006-0000-0000-0000-000000000006'),
('20000007-0000-0000-0000-000000000007', 'STU5678', 'Ford', 'Ka', 2021, 'Prata', '1.0 Ti-VCT', 'Flex', 38000, '9BF12345678901234', '67890123456', NULL, '2026-03-07 00:00:00', '10000007-0000-0000-0000-000000000007'),
('20000008-0000-0000-0000-000000000008', 'VWX9012', 'Renault', 'Kwid', 2022, 'Branco', '1.0 SCe', 'Flex', 25000, '9BR34567890123456', '78901234567', NULL, '2026-03-08 00:00:00', '10000008-0000-0000-0000-000000000008'),
('20000009-0000-0000-0000-000000000009', 'YZA3456', 'Nissan', 'Kicks', 2023, 'Preto', '1.6', 'Flex', 18000, '9BR45678901234567', '89012345678', NULL, '2026-03-09 00:00:00', '10000009-0000-0000-0000-000000000009'),
('20000010-0000-0000-0000-000000000010', 'BCD7890', 'Jeep', 'Compass', 2024, 'Cinza', '2.0 Turbo', 'Diesel', 8000, '9BR56789012345678', '90123456789', NULL, '2026-03-10 00:00:00', '10000010-0000-0000-0000-000000000010');

-- Insert 10 Service Orders with different statuses
INSERT INTO ServiceOrders (Id, Number, ProblemReported, Diagnosis, Services, Parts, Oils, Filters, EstimatedTime, Value, Notes, EntryDate, EstimatedDate, FinalDate, Status, ResponsibleUser, HasChecklist, ChecklistId, ApprovalLink, CustomerId, VehicleId)
VALUES 
('30000001-0000-0000-0000-000000000001', 'OS-2026-001', 'Motor não liga', 'Problema no sistema de ignição', 'Troca de velas e cabos', 'Velas de ignição, cabos', 'Óleo motor 5W30', 'Filtro de ar', 3.5, 850.00, 'Cliente relatou problema ao dar partida', '2026-04-01 08:00:00', '2026-04-01 12:00:00', '2026-04-01 11:30:00', 'Concluído', 'Pedro Oliveira', 1, NULL, NULL, '10000001-0000-0000-0000-000000000001', '20000001-0000-0000-0000-000000000001'),
('30000002-0000-0000-0000-000000000002', 'OS-2026-002', 'Barulho na suspensão', 'Amortecedor dianteiro direito danificado', 'Troca de amortecedores', 'Amortecedor dianteiro direito', 'Óleo suspensão', 'Filtro de óleo', 4.0, 1200.00, 'Verificar também Buchas', '2026-04-02 09:00:00', '2026-04-02 14:00:00', NULL, 'Em andamento', 'Carlos Ferreira', 1, NULL, NULL, '10000002-0000-0000-0000-000000000002', '20000002-0000-0000-0000-000000000002'),
('30000003-0000-0000-0000-000000000003', 'OS-2026-003', 'Ar condicionado não gela', 'Compressor com defeito', 'Troca de compressor', 'Compressor de ar', 'Óleo compressor', 'Filtro de cabine', 5.0, 2500.00, 'Aguardando aprovação do cliente', '2026-04-03 10:00:00', '2026-04-03 16:00:00', NULL, 'Aguardando aprovação', 'Pedro Oliveira', 1, NULL, 'https://renovo.approve/OS-2026-003', '10000003-0000-0000-0000-000000000003', '20000003-0000-0000-0000-000000000003'),
('30000004-0000-0000-0000-000000000004', 'OS-2026-004', 'Troca de óleo e revisão', 'Revisão preventiva 30.000km', 'Troca de óleo, filtros e revisão geral', 'Filtros, óleo, fluido de freio', 'Óleo motor 5W30', 'Filtro de óleo, filtro de ar, filtro de combustível', 2.0, 650.00, 'Revisão programada', '2026-04-04 07:30:00', '2026-04-04 10:00:00', NULL, 'Na oficina', 'Juliana Lima', 0, NULL, NULL, '10000004-0000-0000-0000-000000000004', '20000004-0000-0000-0000-000000000004'),
('30000005-0000-0000-0000-000000000005', 'OS-2026-005', 'Freios com ruído', 'Pastilhas de freio desgastadas', 'Troca de pastilhas e discos', 'Pastilhas de freio, discos', 'Fluido de freio', 'Filtro de ar', 3.0, 980.00, 'Verificar fluido de freio', '2026-04-05 08:30:00', '2026-04-05 12:30:00', '2026-04-05 12:00:00', 'Concluído', 'Carlos Ferreira', 1, NULL, NULL, '10000005-0000-0000-0000-000000000005', '20000005-0000-0000-0000-000000000005'),
('30000006-0000-0000-0000-000000000006', 'OS-2026-006', 'Problema na transmissão', 'Marcha engatando com dificuldade', 'Revisão da caixa de câmbio', 'Kit de reparo, fluido de câmbio', 'Óleo de câmbio', 'Filtro de câmbio', 6.0, 3200.00, 'Serviço especializado', '2026-04-06 09:00:00', '2026-04-07 09:00:00', NULL, 'Em andamento', 'Pedro Oliveira', 1, NULL, NULL, '10000006-0000-0000-0000-000000000006', '20000006-0000-0000-0000-000000000006'),
('30000007-0000-0000-0000-000000000007', 'OS-2026-007', 'Troca de bateria', 'Bateria com baixa performance', 'Troca de bateria', 'Bateria 60Ah', 'N/A', 'N/A', 0.5, 450.00, 'Bateria original', '2026-04-07 11:00:00', '2026-04-07 12:00:00', '2026-04-07 11:45:00', 'Concluído', 'Juliana Lima', 1, NULL, NULL, '10000007-0000-0000-0000-000000000007', '20000007-0000-0000-0000-000000000007'),
('30000008-0000-0000-0000-000000000008', 'OS-2026-008', 'Alinhamento e balanceamento', 'Desgaste irregular dos pneus', 'Alinhamento, balanceamento e rodízio', 'N/A', 'N/A', 'N/A', 1.5, 280.00, 'Verificar suspensão', '2026-04-08 13:00:00', '2026-04-08 15:00:00', NULL, 'Aguardando peças', 'Carlos Ferreira', 0, NULL, NULL, '10000008-0000-0000-0000-000000000008', '20000008-0000-0000-0000-000000000008'),
('30000009-0000-0000-0000-000000000009', 'OS-2026-009', 'Instalação de som', 'Cliente deseja instalar sistema de som', 'Instalação de som automotivo', 'Central multimídia, alto-falantes', 'N/A', 'N/A', 4.0, 1800.00, 'Serviço de instalação especializada', '2026-04-09 14:00:00', '2026-04-09 19:00:00', NULL, 'Em andamento', 'Juliana Lima', 1, NULL, NULL, '10000009-0000-0000-0000-000000000009', '20000009-0000-0000-0000-000000000009'),
('30000010-0000-0000-0000-000000000010', 'OS-2026-010', 'Revisão completa', 'Revisão preventiva 60.000km', 'Revisão completa conforme manual', 'Todos os filtros, velas, correias', 'Óleo motor, óleo câmbio, fluido freio', 'Filtro de óleo, ar, combustível, cabine', 8.0, 4500.00, 'Revisão completa - maior serviço', '2026-04-10 08:00:00', '2026-04-11 08:00:00', NULL, 'Recebido', 'Pedro Oliveira', 0, NULL, NULL, '10000010-0000-0000-0000-000000000010', '20000010-0000-0000-0000-000000000010');

-- Insert 10 Service Order Histories
INSERT INTO ServiceOrderHistories (Id, ServiceOrderId, Status, ChangedAt, ChangedBy, Notes)
VALUES 
('40000001-0000-0000-0000-000000000001', '30000001-0000-0000-0000-000000000001', 'Recebido', '2026-04-01 08:00:00', 'Maria Santos', 'Ordem de serviço criada'),
('40000002-0000-0000-0000-000000000002', '30000001-0000-0000-0000-000000000001', 'Em andamento', '2026-04-01 08:30:00', 'Pedro Oliveira', 'Iniciado atendimento'),
('40000003-0000-0000-0000-000000000003', '30000001-0000-0000-0000-000000000001', 'Concluído', '2026-04-01 11:30:00', 'Pedro Oliveira', 'Serviço finalizado com sucesso'),
('40000004-0000-0000-0000-000000000004', '30000002-0000-0000-0000-000000000002', 'Recebido', '2026-04-02 09:00:00', 'Lucas Pereira', 'Ordem de serviço criada'),
('40000005-0000-0000-0000-000000000005', '30000002-0000-0000-0000-000000000002', 'Em andamento', '2026-04-02 09:30:00', 'Carlos Ferreira', 'Iniciado atendimento'),
('40000006-0000-0000-0000-000000000006', '30000003-0000-0000-0000-000000000003', 'Recebido', '2026-04-03 10:00:00', 'Maria Santos', 'Ordem de serviço criada'),
('40000007-0000-0000-0000-000000000007', '30000003-0000-0000-0000-000000000003', 'Aguardando aprovação', '2026-04-03 10:30:00', 'Pedro Oliveira', 'Aguardando aprovação do orçamento'),
('40000008-0000-0000-0000-000000000008', '30000004-0000-0000-0000-000000000004', 'Recebido', '2026-04-04 07:30:00', 'Lucas Pereira', 'Ordem de serviço criada'),
('40000009-0000-0000-0000-000000000009', '30000004-0000-0000-0000-000000000004', 'Na oficina', '2026-04-04 08:00:00', 'Juliana Lima', 'Veículo na oficina'),
('40000010-0000-0000-0000-000000000010', '30000005-0000-0000-0000-000000000005', 'Recebido', '2026-04-05 08:30:00', 'Maria Santos', 'Ordem de serviço criada');

-- Insert 10 Vehicle Checklists
INSERT INTO VehicleCheckLists (Id, VehicleId, ServiceOrderId, Mileage, FuelLevel, TireCondition, CoolingLevel, OilLevel, TirePressure, SpareTire, Rims, Headlights, Taillights, Mirrors, Windows, Windshield, Wipers, Seats, Dashboard, Multimedia, AirConditioning, Jack, Triangle, SpareKey, Documents, GeneralState, Observations, VisualDamage, Photos, CheckedAt, ResponsibleUser, GpsLocation)
VALUES 
('50000001-0000-0000-0000-000000000001', '20000001-0000-0000-0000-000000000001', '30000001-0000-0000-0000-000000000001', 45000, '3/4', 'Bom', 'Normal', 'Normal', '32 psi', 1, 1, 1, 1, 1, 1, 1, 1, 1, 1, 1, 1, 1, 1, 1, 1, 'Bom estado geral', 'Veículo bem conservado', 'Sem danos visíveis', NULL, '2026-04-01 08:15:00', 'Pedro Oliveira', '-23.550520, -46.633308'),
('50000002-0000-0000-0000-000000000002', '20000002-0000-0000-0000-000000000002', '30000002-0000-0000-0000-000000000002', 28000, '1/2', 'Regular', 'Baixo', 'Baixo', '28 psi', 1, 1, 1, 1, 1, 1, 0, 1, 1, 1, 1, 0, 1, 1, 1, 1, 'Necessita reparos', 'Pneus carecas, nível de água baixo', 'Arranhão na porta esquerda', NULL, '2026-04-02 09:15:00', 'Carlos Ferreira', '-23.561430, -46.655980'),
('50000003-0000-0000-0000-000000000003', '20000003-0000-0000-0000-000000000003', '30000003-0000-0000-0000-000000000003', 35000, 'Cheio', 'Bom', 'Normal', 'Normal', '35 psi', 1, 1, 1, 1, 1, 1, 1, 1, 1, 1, 1, 1, 1, 1, 1, 1, 'Bom estado', 'Cliente informou problema apenas no ar', 'Sem danos', NULL, '2026-04-03 10:15:00', 'Pedro Oliveira', '-23.587400, -46.657200'),
('50000004-0000-0000-0000-000000000004', '20000004-0000-0000-0000-000000000004', '30000004-0000-0000-0000-000000000004', 15000, '3/4', 'Bom', 'Normal', 'Normal', '33 psi', 1, 1, 1, 1, 1, 1, 1, 1, 1, 1, 1, 1, 1, 1, 1, 1, 'Excelente estado', 'Veículo novo, apenas revisão', 'Sem danos', NULL, '2026-04-04 07:45:00', 'Juliana Lima', '-23.593400, -46.689400'),
('50000005-0000-0000-0000-000000000005', '20000005-0000-0000-0000-000000000005', '30000005-0000-0000-0000-000000000005', 22000, '1/4', 'Ruim', 'Normal', 'Baixo', '25 psi', 0, 1, 1, 1, 1, 1, 1, 0, 1, 1, 1, 1, 1, 1, 1, 1, 'Ruim estado', 'Pneus necessitam troca urgente', 'Amassado no para-choque dianteiro', NULL, '2026-04-05 08:45:00', 'Carlos Ferreira', '-23.548900, -46.638800'),
('50000006-0000-0000-0000-000000000006', '20000006-0000-0000-0000-000000000006', '30000006-0000-0000-0000-000000000006', 12000, 'Cheio', 'Bom', 'Normal', 'Normal', '34 psi', 1, 1, 1, 1, 1, 1, 1, 1, 1, 1, 1, 1, 1, 1, 1, 1, 'Bom estado', 'Veículo bem cuidado', 'Sem danos', NULL, '2026-04-06 09:15:00', 'Pedro Oliveira', '-23.564200, -46.653400'),
('50000007-0000-0000-0000-000000000007', '20000007-0000-0000-0000-000000000007', '30000007-0000-0000-0000-000000000007', 38000, '1/2', 'Regular', 'Baixo', 'Baixo', '29 psi', 1, 1, 1, 1, 1, 1, 0, 1, 1, 1, 1, 0, 1, 1, 1, 1, 'Regular', 'Necessita revisão geral', 'Risco no vidro traseiro', NULL, '2026-04-07 11:15:00', 'Juliana Lima', '-23.527600, -46.668100'),
('50000008-0000-0000-0000-000000000008', '20000008-0000-0000-0000-000000000008', '30000008-0000-0000-0000-000000000008', 25000, '3/4', 'Bom', 'Normal', 'Normal', '31 psi', 1, 1, 1, 1, 1, 1, 1, 1, 1, 1, 1, 1, 1, 1, 1, 1, 'Bom estado', 'Apenas alinhamento', 'Sem danos', NULL, '2026-04-08 13:15:00', 'Carlos Ferreira', '-23.615600, -46.690700'),
('50000009-0000-0000-0000-000000000009', '20000009-0000-0000-0000-000000000009', '30000009-0000-0000-0000-000000000009', 18000, 'Cheio', 'Bom', 'Normal', 'Normal', '33 psi', 1, 1, 1, 1, 1, 1, 1, 1, 1, 1, 1, 1, 1, 1, 1, 1, 'Bom estado', 'Veículo para instalação de som', 'Sem danos', NULL, '2026-04-09 14:15:00', 'Juliana Lima', '-23.588900, -46.658600'),
('50000010-0000-0000-0000-000000000010', '20000010-0000-0000-0000-000000000010', '30000010-0000-0000-0000-000000000010', 8000, 'Cheio', 'Bom', 'Normal', 'Normal', '35 psi', 1, 1, 1, 1, 1, 1, 1, 1, 1, 1, 1, 1, 1, 1, 1, 1, 'Excelente estado', 'Veículo zero km, apenas revisão', 'Sem danos', NULL, '2026-04-10 08:15:00', 'Pedro Oliveira', '-23.549900, -46.634900');